{
  "cameras": {
    "zedxmini-todo": {
      "id": "zedxmini-todo",
      "name": "Zedxmini",
      "connect_after_init": true,
      "streaming": true,
      "calibration": {
        "intrinsics": {
          "model": "pinhole",
          "matrix": [
            [747.0735473632812, 0.0, 970.3108520507812],
            [0.0, 747.0735473632812, 519.4117431640625],
            [0.0, 0.0, 1.0]
          ],
          "distortion": [0.0, 0.0, 0.0, 0.0, 0.0],
          "omnidir_params": null,
          "size": {
            "width": 1920,
            "height": 1080
          }
        },
        "extrinsics": {
          "_frame_id": "rosys.odometer.prediction",
          "x": 0.36828728031542757,
          "y": -0.0389534995822319,
          "z": 0.4148732472634829,
          "rotation": {
            "R": [
              [0.09879271312332938, 0.6299731010891658, -0.7703076604434302],
              [0.9950121235817004, -0.051789442677742215, 0.08525683287903384],
              [0.013815706973085, -0.7748882148614911, -0.6319472926673596]
            ]
          }
        }
      }
    }
  }
}
