{
  "camera_model": "ZED X Mini",
  "serial_number": 52776390,
  "camera_firmware": 2001,
  "sensors_firmware": 1000,
  "resolution": [1920, 1200],
  "fps": 30.0,
  "calibration": {
    "baseline": 49.91752624511719,
    "left_cam": {
      "fx": 739.7966918945312,
      "fy": 739.7966918945312,
      "cx": 970.3677978515625,
      "cy": 578.9730224609375,
      "k1": 0.0,
      "k2": 0.0,
      "p1": 0.0,
      "p2": 0.0,
      "k3": 0.0,
      "k4": 0.0,
      "k5": 0.0,
      "k6": 0.0,
      "s1": 0.0,
      "s2": 0.0,
      "s3": 0.0,
      "s4": 0.0,
      "fov_vertical": 78.08872985839844,
      "fov_horizontal": 104.76585388183594,
      "fov_diagonal": 113.67526245117188
    },
    "right_cam": {
      "fx": 739.7966918945312,
      "fy": 739.7966918945312,
      "cx": 970.3677978515625,
      "cy": 578.9730224609375,
      "k1": 0.0,
      "k2": 0.0,
      "p1": 0.0,
      "p2": 0.0,
      "k3": 0.0,
      "k4": 0.0,
      "k5": 0.0,
      "k6": 0.0,
      "s1": 0.0,
      "s2": 0.0,
      "s3": 0.0,
      "s4": 0.0,
      "fov_vertical": 78.08872985839844,
      "fov_horizontal": 104.76585388183594,
      "fov_diagonal": 113.67526245117188
    }
  }
}
